city,time,pm2_5,pm10,ozone
Bengaluru,2025-12-11 00:00:00+00:00,29.5,30.4,92
Bengaluru,2025-12-11 01:00:00+00:00,29.0,29.7,86
Bengaluru,2025-12-11 02:00:00+00:00,30.2,30.7,79
Bengaluru,2025-12-11 03:00:00+00:00,27.1,27.4,82
Bengaluru,2025-12-11 04:00:00+00:00,21.7,22.0,105
Bengaluru,2025-12-11 05:00:00+00:00,18.5,18.9,139
Bengaluru,2025-12-11 06:00:00+00:00,16.8,17.2,163
Bengaluru,2025-12-11 07:00:00+00:00,16.3,16.6,171
Bengaluru,2025-12-11 08:00:00+00:00,15.7,16.0,169
Bengaluru,2025-12-11 09:00:00+00:00,15.0,15.3,163
Bengaluru,2025-12-11 10:00:00+00:00,14.6,15.0,152
Bengaluru,2025-12-11 11:00:00+00:00,14.6,15.0,136
Bengaluru,2025-12-11 12:00:00+00:00,18.1,18.4,119
Bengaluru,2025-12-11 13:00:00+00:00,24.0,24.3,102
Bengaluru,2025-12-11 14:00:00+00:00,27.8,28.2,84
Bengaluru,2025-12-11 15:00:00+00:00,30.3,30.7,72
Bengaluru,2025-12-11 16:00:00+00:00,32.5,32.9,68
Bengaluru,2025-12-11 17:00:00+00:00,34.9,35.5,68
Bengaluru,2025-12-11 18:00:00+00:00,36.6,37.3,70
Bengaluru,2025-12-11 19:00:00+00:00,36.8,37.6,72
Bengaluru,2025-12-11 20:00:00+00:00,37.0,38.0,74
Bengaluru,2025-12-11 21:00:00+00:00,37.4,38.4,77
Bengaluru,2025-12-11 22:00:00+00:00,37.1,38.3,80
Bengaluru,2025-12-11 23:00:00+00:00,36.9,38.2,82
Bengaluru,2025-12-12 00:00:00+00:00,37.0,38.5,83
Bengaluru,2025-12-12 01:00:00+00:00,40.5,42.1,77
Bengaluru,2025-12-12 02:00:00+00:00,48.8,50.4,69
Bengaluru,2025-12-12 03:00:00+00:00,42.0,43.1,72
Bengaluru,2025-12-12 04:00:00+00:00,24.4,25.7,96
Bengaluru,2025-12-12 05:00:00+00:00,19.5,20.8,131
Bengaluru,2025-12-12 06:00:00+00:00,18.2,19.8,157
Bengaluru,2025-12-12 07:00:00+00:00,18.1,20.0,168
Bengaluru,2025-12-12 08:00:00+00:00,18.1,20.1,171
Bengaluru,2025-12-12 09:00:00+00:00,18.2,20.3,169
Bengaluru,2025-12-12 10:00:00+00:00,18.6,20.7,160
Bengaluru,2025-12-12 11:00:00+00:00,19.3,21.3,146
Bengaluru,2025-12-12 12:00:00+00:00,23.9,25.6,130
Bengaluru,2025-12-12 13:00:00+00:00,30.6,32.4,112
Bengaluru,2025-12-12 14:00:00+00:00,35.4,37.3,93
Bengaluru,2025-12-12 15:00:00+00:00,38.9,40.7,79
Bengaluru,2025-12-12 16:00:00+00:00,41.4,43.5,74
Bengaluru,2025-12-12 17:00:00+00:00,44.6,46.9,74
Bengaluru,2025-12-12 18:00:00+00:00,46.7,49.1,76
Bengaluru,2025-12-12 19:00:00+00:00,46.7,49.4,79
Bengaluru,2025-12-12 20:00:00+00:00,47.0,49.8,83
Bengaluru,2025-12-12 21:00:00+00:00,47.6,50.5,87
Bengaluru,2025-12-12 22:00:00+00:00,48.3,51.5,91
Bengaluru,2025-12-12 23:00:00+00:00,49.1,52.4,94
Bengaluru,2025-12-13 00:00:00+00:00,49.7,53.2,95
Bengaluru,2025-12-13 01:00:00+00:00,52.9,56.5,90
Bengaluru,2025-12-13 02:00:00+00:00,61.0,64.7,84
Bengaluru,2025-12-13 03:00:00+00:00,56.5,59.1,86
Bengaluru,2025-12-13 04:00:00+00:00,31.5,34.3,107
Bengaluru,2025-12-13 05:00:00+00:00,24.4,26.8,136
Bengaluru,2025-12-13 06:00:00+00:00,22.8,24.7,159
Bengaluru,2025-12-13 07:00:00+00:00,23.0,24.7,169
Bengaluru,2025-12-13 08:00:00+00:00,23.1,24.9,172
Bengaluru,2025-12-13 09:00:00+00:00,23.1,24.8,170
Bengaluru,2025-12-13 10:00:00+00:00,22.9,24.7,161
Bengaluru,2025-12-13 11:00:00+00:00,23.2,24.9,145
Bengaluru,2025-12-13 12:00:00+00:00,27.8,29.2,129
Bengaluru,2025-12-13 13:00:00+00:00,34.1,35.5,110
Bengaluru,2025-12-13 14:00:00+00:00,38.0,39.2,91
Bengaluru,2025-12-13 15:00:00+00:00,39.8,41.2,77
Bengaluru,2025-12-13 16:00:00+00:00,41.2,42.6,74
Bengaluru,2025-12-13 17:00:00+00:00,42.6,44.0,77
Bengaluru,2025-12-13 18:00:00+00:00,42.7,44.2,82
Bengaluru,2025-12-13 19:00:00+00:00,42.1,43.7,88
Bengaluru,2025-12-13 20:00:00+00:00,42.1,43.7,96
Bengaluru,2025-12-13 21:00:00+00:00,42.8,44.4,102
Bengaluru,2025-12-13 22:00:00+00:00,43.5,45.2,107
Bengaluru,2025-12-13 23:00:00+00:00,44.4,45.9,111
Bengaluru,2025-12-14 00:00:00+00:00,45.8,47.4,112
Bengaluru,2025-12-14 01:00:00+00:00,50.1,51.6,108
Bengaluru,2025-12-14 02:00:00+00:00,59.8,61.2,101
Bengaluru,2025-12-14 03:00:00+00:00,52.7,53.8,102
Bengaluru,2025-12-14 04:00:00+00:00,34.7,36.0,119
Bengaluru,2025-12-14 05:00:00+00:00,31.5,32.9,143
Bengaluru,2025-12-14 06:00:00+00:00,27.9,29.3,161
Bengaluru,2025-12-14 07:00:00+00:00,26.6,28.0,168
Bengaluru,2025-12-14 08:00:00+00:00,26.1,27.7,170
Bengaluru,2025-12-14 09:00:00+00:00,26.0,27.6,166
Bengaluru,2025-12-14 10:00:00+00:00,25.7,27.5,157
Bengaluru,2025-12-14 11:00:00+00:00,26.0,27.8,142
Bengaluru,2025-12-14 12:00:00+00:00,31.2,32.6,126
Bengaluru,2025-12-14 13:00:00+00:00,38.1,39.6,107
Bengaluru,2025-12-14 14:00:00+00:00,42.5,43.9,86
Bengaluru,2025-12-14 15:00:00+00:00,45.6,47.0,72
Bengaluru,2025-12-14 16:00:00+00:00,48.3,49.7,68
Bengaluru,2025-12-14 17:00:00+00:00,49.9,51.3,71
Bengaluru,2025-12-14 18:00:00+00:00,50.3,51.8,75
Bengaluru,2025-12-14 19:00:00+00:00,49.9,51.5,80
Bengaluru,2025-12-14 20:00:00+00:00,50.3,51.9,87
Bengaluru,2025-12-14 21:00:00+00:00,51.0,52.7,93
Bengaluru,2025-12-14 22:00:00+00:00,51.8,53.6,98
Bengaluru,2025-12-14 23:00:00+00:00,52.6,54.4,102
Bengaluru,2025-12-15 00:00:00+00:00,54.4,56.1,104
Bengaluru,2025-12-15 01:00:00+00:00,59.3,61.0,101
Bengaluru,2025-12-15 02:00:00+00:00,69.6,71.5,97
Bengaluru,2025-12-15 03:00:00+00:00,58.0,59.1,101
Bengaluru,2025-12-15 04:00:00+00:00,41.6,43.0,121
Bengaluru,2025-12-15 05:00:00+00:00,36.9,38.3,148
Bengaluru,2025-12-15 06:00:00+00:00,33.9,35.4,168
Bengaluru,2025-12-15 07:00:00+00:00,32.6,34.2,174
Bengaluru,2025-12-15 08:00:00+00:00,32.4,34.0,172
Bengaluru,2025-12-15 09:00:00+00:00,32.2,34.0,167
Bengaluru,2025-12-15 10:00:00+00:00,32.5,34.2,156
Bengaluru,2025-12-15 11:00:00+00:00,33.3,35.0,142
Bengaluru,2025-12-15 12:00:00+00:00,37.1,38.5,131
Delhi,2025-12-11 00:00:00+00:00,29.5,30.4,92
Delhi,2025-12-11 01:00:00+00:00,29.0,29.7,86
Delhi,2025-12-11 02:00:00+00:00,30.2,30.7,79
Delhi,2025-12-11 03:00:00+00:00,27.1,27.4,82
Delhi,2025-12-11 04:00:00+00:00,21.7,22.0,105
Delhi,2025-12-11 05:00:00+00:00,18.5,18.9,139
Delhi,2025-12-11 06:00:00+00:00,16.8,17.2,163
Delhi,2025-12-11 07:00:00+00:00,16.3,16.6,171
Delhi,2025-12-11 08:00:00+00:00,15.7,16.0,169
Delhi,2025-12-11 09:00:00+00:00,15.0,15.3,163
Delhi,2025-12-11 10:00:00+00:00,14.6,15.0,152
Delhi,2025-12-11 11:00:00+00:00,14.6,15.0,136
Delhi,2025-12-11 12:00:00+00:00,18.1,18.4,119
Delhi,2025-12-11 13:00:00+00:00,24.0,24.3,102
Delhi,2025-12-11 14:00:00+00:00,27.8,28.2,84
Delhi,2025-12-11 15:00:00+00:00,30.3,30.7,72
Delhi,2025-12-11 16:00:00+00:00,32.5,32.9,68
Delhi,2025-12-11 17:00:00+00:00,34.9,35.5,68
Delhi,2025-12-11 18:00:00+00:00,36.6,37.3,70
Delhi,2025-12-11 19:00:00+00:00,36.8,37.6,72
Delhi,2025-12-11 20:00:00+00:00,37.0,38.0,74
Delhi,2025-12-11 21:00:00+00:00,37.4,38.4,77
Delhi,2025-12-11 22:00:00+00:00,37.1,38.3,80
Delhi,2025-12-11 23:00:00+00:00,36.9,38.2,82
Delhi,2025-12-12 00:00:00+00:00,37.0,38.5,83
Delhi,2025-12-12 01:00:00+00:00,40.5,42.1,77
Delhi,2025-12-12 02:00:00+00:00,48.8,50.4,69
Delhi,2025-12-12 03:00:00+00:00,42.0,43.1,72
Delhi,2025-12-12 04:00:00+00:00,24.4,25.7,96
Delhi,2025-12-12 05:00:00+00:00,19.5,20.8,131
Delhi,2025-12-12 06:00:00+00:00,18.2,19.8,157
Delhi,2025-12-12 07:00:00+00:00,18.1,20.0,168
Delhi,2025-12-12 08:00:00+00:00,18.1,20.1,171
Delhi,2025-12-12 09:00:00+00:00,18.2,20.3,169
Delhi,2025-12-12 10:00:00+00:00,18.6,20.7,160
Delhi,2025-12-12 11:00:00+00:00,19.3,21.3,146
Delhi,2025-12-12 12:00:00+00:00,23.9,25.6,130
Delhi,2025-12-12 13:00:00+00:00,30.6,32.4,112
Delhi,2025-12-12 14:00:00+00:00,35.4,37.3,93
Delhi,2025-12-12 15:00:00+00:00,38.9,40.7,79
Delhi,2025-12-12 16:00:00+00:00,41.4,43.5,74
Delhi,2025-12-12 17:00:00+00:00,44.6,46.9,74
Delhi,2025-12-12 18:00:00+00:00,46.7,49.1,76
Delhi,2025-12-12 19:00:00+00:00,46.7,49.4,79
Delhi,2025-12-12 20:00:00+00:00,47.0,49.8,83
Delhi,2025-12-12 21:00:00+00:00,47.6,50.5,87
Delhi,2025-12-12 22:00:00+00:00,48.3,51.5,91
Delhi,2025-12-12 23:00:00+00:00,49.1,52.4,94
Delhi,2025-12-13 00:00:00+00:00,49.7,53.2,95
Delhi,2025-12-13 01:00:00+00:00,52.9,56.5,90
Delhi,2025-12-13 02:00:00+00:00,61.0,64.7,84
Delhi,2025-12-13 03:00:00+00:00,56.5,59.1,86
Delhi,2025-12-13 04:00:00+00:00,31.5,34.3,107
Delhi,2025-12-13 05:00:00+00:00,24.4,26.8,136
Delhi,2025-12-13 06:00:00+00:00,22.8,24.7,159
Delhi,2025-12-13 07:00:00+00:00,23.0,24.7,169
Delhi,2025-12-13 08:00:00+00:00,23.1,24.9,172
Delhi,2025-12-13 09:00:00+00:00,23.1,24.8,170
Delhi,2025-12-13 10:00:00+00:00,22.9,24.7,161
Delhi,2025-12-13 11:00:00+00:00,23.2,24.9,145
Delhi,2025-12-13 12:00:00+00:00,27.8,29.2,129
Delhi,2025-12-13 13:00:00+00:00,34.1,35.5,110
Delhi,2025-12-13 14:00:00+00:00,38.0,39.2,91
Delhi,2025-12-13 15:00:00+00:00,39.8,41.2,77
Delhi,2025-12-13 16:00:00+00:00,41.2,42.6,74
Delhi,2025-12-13 17:00:00+00:00,42.6,44.0,77
Delhi,2025-12-13 18:00:00+00:00,42.7,44.2,82
Delhi,2025-12-13 19:00:00+00:00,42.1,43.7,88
Delhi,2025-12-13 20:00:00+00:00,42.1,43.7,96
Delhi,2025-12-13 21:00:00+00:00,42.8,44.4,102
Delhi,2025-12-13 22:00:00+00:00,43.5,45.2,107
Delhi,2025-12-13 23:00:00+00:00,44.4,45.9,111
Delhi,2025-12-14 00:00:00+00:00,45.8,47.4,112
Delhi,2025-12-14 01:00:00+00:00,50.1,51.6,108
Delhi,2025-12-14 02:00:00+00:00,59.8,61.2,101
Delhi,2025-12-14 03:00:00+00:00,52.7,53.8,102
Delhi,2025-12-14 04:00:00+00:00,34.7,36.0,119
Delhi,2025-12-14 05:00:00+00:00,31.5,32.9,143
Delhi,2025-12-14 06:00:00+00:00,27.9,29.3,161
Delhi,2025-12-14 07:00:00+00:00,26.6,28.0,168
Delhi,2025-12-14 08:00:00+00:00,26.1,27.7,170
Delhi,2025-12-14 09:00:00+00:00,26.0,27.6,166
Delhi,2025-12-14 10:00:00+00:00,25.7,27.5,157
Delhi,2025-12-14 11:00:00+00:00,26.0,27.8,142
Delhi,2025-12-14 12:00:00+00:00,31.2,32.6,126
Delhi,2025-12-14 13:00:00+00:00,38.1,39.6,107
Delhi,2025-12-14 14:00:00+00:00,42.5,43.9,86
Delhi,2025-12-14 15:00:00+00:00,45.6,47.0,72
Delhi,2025-12-14 16:00:00+00:00,48.3,49.7,68
Delhi,2025-12-14 17:00:00+00:00,49.9,51.3,71
Delhi,2025-12-14 18:00:00+00:00,50.3,51.8,75
Delhi,2025-12-14 19:00:00+00:00,49.9,51.5,80
Delhi,2025-12-14 20:00:00+00:00,50.3,51.9,87
Delhi,2025-12-14 21:00:00+00:00,51.0,52.7,93
Delhi,2025-12-14 22:00:00+00:00,51.8,53.6,98
Delhi,2025-12-14 23:00:00+00:00,52.6,54.4,102
Delhi,2025-12-15 00:00:00+00:00,54.4,56.1,104
Delhi,2025-12-15 01:00:00+00:00,59.3,61.0,101
Delhi,2025-12-15 02:00:00+00:00,69.6,71.5,97
Delhi,2025-12-15 03:00:00+00:00,58.0,59.1,101
Delhi,2025-12-15 04:00:00+00:00,41.6,43.0,121
Delhi,2025-12-15 05:00:00+00:00,36.9,38.3,148
Delhi,2025-12-15 06:00:00+00:00,33.9,35.4,168
Delhi,2025-12-15 07:00:00+00:00,32.6,34.2,174
Delhi,2025-12-15 08:00:00+00:00,32.4,34.0,172
Delhi,2025-12-15 09:00:00+00:00,32.2,34.0,167
Delhi,2025-12-15 10:00:00+00:00,32.5,34.2,156
Delhi,2025-12-15 11:00:00+00:00,33.3,35.0,142
Delhi,2025-12-15 12:00:00+00:00,37.1,38.5,131
Hyderabad,2025-12-11 00:00:00+00:00,29.5,30.4,92
Hyderabad,2025-12-11 01:00:00+00:00,29.0,29.7,86
Hyderabad,2025-12-11 02:00:00+00:00,30.2,30.7,79
Hyderabad,2025-12-11 03:00:00+00:00,27.1,27.4,82
Hyderabad,2025-12-11 04:00:00+00:00,21.7,22.0,105
Hyderabad,2025-12-11 05:00:00+00:00,18.5,18.9,139
Hyderabad,2025-12-11 06:00:00+00:00,16.8,17.2,163
Hyderabad,2025-12-11 07:00:00+00:00,16.3,16.6,171
Hyderabad,2025-12-11 08:00:00+00:00,15.7,16.0,169
Hyderabad,2025-12-11 09:00:00+00:00,15.0,15.3,163
Hyderabad,2025-12-11 10:00:00+00:00,14.6,15.0,152
Hyderabad,2025-12-11 11:00:00+00:00,14.6,15.0,136
Hyderabad,2025-12-11 12:00:00+00:00,18.1,18.4,119
Hyderabad,2025-12-11 13:00:00+00:00,24.0,24.3,102
Hyderabad,2025-12-11 14:00:00+00:00,27.8,28.2,84
Hyderabad,2025-12-11 15:00:00+00:00,30.3,30.7,72
Hyderabad,2025-12-11 16:00:00+00:00,32.5,32.9,68
Hyderabad,2025-12-11 17:00:00+00:00,34.9,35.5,68
Hyderabad,2025-12-11 18:00:00+00:00,36.6,37.3,70
Hyderabad,2025-12-11 19:00:00+00:00,36.8,37.6,72
Hyderabad,2025-12-11 20:00:00+00:00,37.0,38.0,74
Hyderabad,2025-12-11 21:00:00+00:00,37.4,38.4,77
Hyderabad,2025-12-11 22:00:00+00:00,37.1,38.3,80
Hyderabad,2025-12-11 23:00:00+00:00,36.9,38.2,82
Hyderabad,2025-12-12 00:00:00+00:00,37.0,38.5,83
Hyderabad,2025-12-12 01:00:00+00:00,40.5,42.1,77
Hyderabad,2025-12-12 02:00:00+00:00,48.8,50.4,69
Hyderabad,2025-12-12 03:00:00+00:00,42.0,43.1,72
Hyderabad,2025-12-12 04:00:00+00:00,24.4,25.7,96
Hyderabad,2025-12-12 05:00:00+00:00,19.5,20.8,131
Hyderabad,2025-12-12 06:00:00+00:00,18.2,19.8,157
Hyderabad,2025-12-12 07:00:00+00:00,18.1,20.0,168
Hyderabad,2025-12-12 08:00:00+00:00,18.1,20.1,171
Hyderabad,2025-12-12 09:00:00+00:00,18.2,20.3,169
Hyderabad,2025-12-12 10:00:00+00:00,18.6,20.7,160
Hyderabad,2025-12-12 11:00:00+00:00,19.3,21.3,146
Hyderabad,2025-12-12 12:00:00+00:00,23.9,25.6,130
Hyderabad,2025-12-12 13:00:00+00:00,30.6,32.4,112
Hyderabad,2025-12-12 14:00:00+00:00,35.4,37.3,93
Hyderabad,2025-12-12 15:00:00+00:00,38.9,40.7,79
Hyderabad,2025-12-12 16:00:00+00:00,41.4,43.5,74
Hyderabad,2025-12-12 17:00:00+00:00,44.6,46.9,74
Hyderabad,2025-12-12 18:00:00+00:00,46.7,49.1,76
Hyderabad,2025-12-12 19:00:00+00:00,46.7,49.4,79
Hyderabad,2025-12-12 20:00:00+00:00,47.0,49.8,83
Hyderabad,2025-12-12 21:00:00+00:00,47.6,50.5,87
Hyderabad,2025-12-12 22:00:00+00:00,48.3,51.5,91
Hyderabad,2025-12-12 23:00:00+00:00,49.1,52.4,94
Hyderabad,2025-12-13 00:00:00+00:00,49.7,53.2,95
Hyderabad,2025-12-13 01:00:00+00:00,52.9,56.5,90
Hyderabad,2025-12-13 02:00:00+00:00,61.0,64.7,84
Hyderabad,2025-12-13 03:00:00+00:00,56.5,59.1,86
Hyderabad,2025-12-13 04:00:00+00:00,31.5,34.3,107
Hyderabad,2025-12-13 05:00:00+00:00,24.4,26.8,136
Hyderabad,2025-12-13 06:00:00+00:00,22.8,24.7,159
Hyderabad,2025-12-13 07:00:00+00:00,23.0,24.7,169
Hyderabad,2025-12-13 08:00:00+00:00,23.1,24.9,172
Hyderabad,2025-12-13 09:00:00+00:00,23.1,24.8,170
Hyderabad,2025-12-13 10:00:00+00:00,22.9,24.7,161
Hyderabad,2025-12-13 11:00:00+00:00,23.2,24.9,145
Hyderabad,2025-12-13 12:00:00+00:00,27.8,29.2,129
Hyderabad,2025-12-13 13:00:00+00:00,34.1,35.5,110
Hyderabad,2025-12-13 14:00:00+00:00,38.0,39.2,91
Hyderabad,2025-12-13 15:00:00+00:00,39.8,41.2,77
Hyderabad,2025-12-13 16:00:00+00:00,41.2,42.6,74
Hyderabad,2025-12-13 17:00:00+00:00,42.6,44.0,77
Hyderabad,2025-12-13 18:00:00+00:00,42.7,44.2,82
Hyderabad,2025-12-13 19:00:00+00:00,42.1,43.7,88
Hyderabad,2025-12-13 20:00:00+00:00,42.1,43.7,96
Hyderabad,2025-12-13 21:00:00+00:00,42.8,44.4,102
Hyderabad,2025-12-13 22:00:00+00:00,43.5,45.2,107
Hyderabad,2025-12-13 23:00:00+00:00,44.4,45.9,111
Hyderabad,2025-12-14 00:00:00+00:00,45.8,47.4,112
Hyderabad,2025-12-14 01:00:00+00:00,50.1,51.6,108
Hyderabad,2025-12-14 02:00:00+00:00,59.8,61.2,101
Hyderabad,2025-12-14 03:00:00+00:00,52.7,53.8,102
Hyderabad,2025-12-14 04:00:00+00:00,34.7,36.0,119
Hyderabad,2025-12-14 05:00:00+00:00,31.5,32.9,143
Hyderabad,2025-12-14 06:00:00+00:00,27.9,29.3,161
Hyderabad,2025-12-14 07:00:00+00:00,26.6,28.0,168
Hyderabad,2025-12-14 08:00:00+00:00,26.1,27.7,170
Hyderabad,2025-12-14 09:00:00+00:00,26.0,27.6,166
Hyderabad,2025-12-14 10:00:00+00:00,25.7,27.5,157
Hyderabad,2025-12-14 11:00:00+00:00,26.0,27.8,142
Hyderabad,2025-12-14 12:00:00+00:00,31.2,32.6,126
Hyderabad,2025-12-14 13:00:00+00:00,38.1,39.6,107
Hyderabad,2025-12-14 14:00:00+00:00,42.5,43.9,86
Hyderabad,2025-12-14 15:00:00+00:00,45.6,47.0,72
Hyderabad,2025-12-14 16:00:00+00:00,48.3,49.7,68
Hyderabad,2025-12-14 17:00:00+00:00,49.9,51.3,71
Hyderabad,2025-12-14 18:00:00+00:00,50.3,51.8,75
Hyderabad,2025-12-14 19:00:00+00:00,49.9,51.5,80
Hyderabad,2025-12-14 20:00:00+00:00,50.3,51.9,87
Hyderabad,2025-12-14 21:00:00+00:00,51.0,52.7,93
Hyderabad,2025-12-14 22:00:00+00:00,51.8,53.6,98
Hyderabad,2025-12-14 23:00:00+00:00,52.6,54.4,102
Hyderabad,2025-12-15 00:00:00+00:00,54.4,56.1,104
Hyderabad,2025-12-15 01:00:00+00:00,59.3,61.0,101
Hyderabad,2025-12-15 02:00:00+00:00,69.6,71.5,97
Hyderabad,2025-12-15 03:00:00+00:00,58.0,59.1,101
Hyderabad,2025-12-15 04:00:00+00:00,41.6,43.0,121
Hyderabad,2025-12-15 05:00:00+00:00,36.9,38.3,148
Hyderabad,2025-12-15 06:00:00+00:00,33.9,35.4,168
Hyderabad,2025-12-15 07:00:00+00:00,32.6,34.2,174
Hyderabad,2025-12-15 08:00:00+00:00,32.4,34.0,172
Hyderabad,2025-12-15 09:00:00+00:00,32.2,34.0,167
Hyderabad,2025-12-15 10:00:00+00:00,32.5,34.2,156
Hyderabad,2025-12-15 11:00:00+00:00,33.3,35.0,142
Hyderabad,2025-12-15 12:00:00+00:00,37.1,38.5,131
Kolkata,2025-12-11 00:00:00+00:00,29.5,30.4,92
Kolkata,2025-12-11 01:00:00+00:00,29.0,29.7,86
Kolkata,2025-12-11 02:00:00+00:00,30.2,30.7,79
Kolkata,2025-12-11 03:00:00+00:00,27.1,27.4,82
Kolkata,2025-12-11 04:00:00+00:00,21.7,22.0,105
Kolkata,2025-12-11 05:00:00+00:00,18.5,18.9,139
Kolkata,2025-12-11 06:00:00+00:00,16.8,17.2,163
Kolkata,2025-12-11 07:00:00+00:00,16.3,16.6,171
Kolkata,2025-12-11 08:00:00+00:00,15.7,16.0,169
Kolkata,2025-12-11 09:00:00+00:00,15.0,15.3,163
Kolkata,2025-12-11 10:00:00+00:00,14.6,15.0,152
Kolkata,2025-12-11 11:00:00+00:00,14.6,15.0,136
Kolkata,2025-12-11 12:00:00+00:00,18.1,18.4,119
Kolkata,2025-12-11 13:00:00+00:00,24.0,24.3,102
Kolkata,2025-12-11 14:00:00+00:00,27.8,28.2,84
Kolkata,2025-12-11 15:00:00+00:00,30.3,30.7,72
Kolkata,2025-12-11 16:00:00+00:00,32.5,32.9,68
Kolkata,2025-12-11 17:00:00+00:00,34.9,35.5,68
Kolkata,2025-12-11 18:00:00+00:00,36.6,37.3,70
Kolkata,2025-12-11 19:00:00+00:00,36.8,37.6,72
Kolkata,2025-12-11 20:00:00+00:00,37.0,38.0,74
Kolkata,2025-12-11 21:00:00+00:00,37.4,38.4,77
Kolkata,2025-12-11 22:00:00+00:00,37.1,38.3,80
Kolkata,2025-12-11 23:00:00+00:00,36.9,38.2,82
Kolkata,2025-12-12 00:00:00+00:00,37.0,38.5,83
Kolkata,2025-12-12 01:00:00+00:00,40.5,42.1,77
Kolkata,2025-12-12 02:00:00+00:00,48.8,50.4,69
Kolkata,2025-12-12 03:00:00+00:00,42.0,43.1,72
Kolkata,2025-12-12 04:00:00+00:00,24.4,25.7,96
Kolkata,2025-12-12 05:00:00+00:00,19.5,20.8,131
Kolkata,2025-12-12 06:00:00+00:00,18.2,19.8,157
Kolkata,2025-12-12 07:00:00+00:00,18.1,20.0,168
Kolkata,2025-12-12 08:00:00+00:00,18.1,20.1,171
Kolkata,2025-12-12 09:00:00+00:00,18.2,20.3,169
Kolkata,2025-12-12 10:00:00+00:00,18.6,20.7,160
Kolkata,2025-12-12 11:00:00+00:00,19.3,21.3,146
Kolkata,2025-12-12 12:00:00+00:00,23.9,25.6,130
Kolkata,2025-12-12 13:00:00+00:00,30.6,32.4,112
Kolkata,2025-12-12 14:00:00+00:00,35.4,37.3,93
Kolkata,2025-12-12 15:00:00+00:00,38.9,40.7,79
Kolkata,2025-12-12 16:00:00+00:00,41.4,43.5,74
Kolkata,2025-12-12 17:00:00+00:00,44.6,46.9,74
Kolkata,2025-12-12 18:00:00+00:00,46.7,49.1,76
Kolkata,2025-12-12 19:00:00+00:00,46.7,49.4,79
Kolkata,2025-12-12 20:00:00+00:00,47.0,49.8,83
Kolkata,2025-12-12 21:00:00+00:00,47.6,50.5,87
Kolkata,2025-12-12 22:00:00+00:00,48.3,51.5,91
Kolkata,2025-12-12 23:00:00+00:00,49.1,52.4,94
Kolkata,2025-12-13 00:00:00+00:00,49.7,53.2,95
Kolkata,2025-12-13 01:00:00+00:00,52.9,56.5,90
Kolkata,2025-12-13 02:00:00+00:00,61.0,64.7,84
Kolkata,2025-12-13 03:00:00+00:00,56.5,59.1,86
Kolkata,2025-12-13 04:00:00+00:00,31.5,34.3,107
Kolkata,2025-12-13 05:00:00+00:00,24.4,26.8,136
Kolkata,2025-12-13 06:00:00+00:00,22.8,24.7,159
Kolkata,2025-12-13 07:00:00+00:00,23.0,24.7,169
Kolkata,2025-12-13 08:00:00+00:00,23.1,24.9,172
Kolkata,2025-12-13 09:00:00+00:00,23.1,24.8,170
Kolkata,2025-12-13 10:00:00+00:00,22.9,24.7,161
Kolkata,2025-12-13 11:00:00+00:00,23.2,24.9,145
Kolkata,2025-12-13 12:00:00+00:00,27.8,29.2,129
Kolkata,2025-12-13 13:00:00+00:00,34.1,35.5,110
Kolkata,2025-12-13 14:00:00+00:00,38.0,39.2,91
Kolkata,2025-12-13 15:00:00+00:00,39.8,41.2,77
Kolkata,2025-12-13 16:00:00+00:00,41.2,42.6,74
Kolkata,2025-12-13 17:00:00+00:00,42.6,44.0,77
Kolkata,2025-12-13 18:00:00+00:00,42.7,44.2,82
Kolkata,2025-12-13 19:00:00+00:00,42.1,43.7,88
Kolkata,2025-12-13 20:00:00+00:00,42.1,43.7,96
Kolkata,2025-12-13 21:00:00+00:00,42.8,44.4,102
Kolkata,2025-12-13 22:00:00+00:00,43.5,45.2,107
Kolkata,2025-12-13 23:00:00+00:00,44.4,45.9,111
Kolkata,2025-12-14 00:00:00+00:00,45.8,47.4,112
Kolkata,2025-12-14 01:00:00+00:00,50.1,51.6,108
Kolkata,2025-12-14 02:00:00+00:00,59.8,61.2,101
Kolkata,2025-12-14 03:00:00+00:00,52.7,53.8,102
Kolkata,2025-12-14 04:00:00+00:00,34.7,36.0,119
Kolkata,2025-12-14 05:00:00+00:00,31.5,32.9,143
Kolkata,2025-12-14 06:00:00+00:00,27.9,29.3,161
Kolkata,2025-12-14 07:00:00+00:00,26.6,28.0,168
Kolkata,2025-12-14 08:00:00+00:00,26.1,27.7,170
Kolkata,2025-12-14 09:00:00+00:00,26.0,27.6,166
Kolkata,2025-12-14 10:00:00+00:00,25.7,27.5,157
Kolkata,2025-12-14 11:00:00+00:00,26.0,27.8,142
Kolkata,2025-12-14 12:00:00+00:00,31.2,32.6,126
Kolkata,2025-12-14 13:00:00+00:00,38.1,39.6,107
Kolkata,2025-12-14 14:00:00+00:00,42.5,43.9,86
Kolkata,2025-12-14 15:00:00+00:00,45.6,47.0,72
Kolkata,2025-12-14 16:00:00+00:00,48.3,49.7,68
Kolkata,2025-12-14 17:00:00+00:00,49.9,51.3,71
Kolkata,2025-12-14 18:00:00+00:00,50.3,51.8,75
Kolkata,2025-12-14 19:00:00+00:00,49.9,51.5,80
Kolkata,2025-12-14 20:00:00+00:00,50.3,51.9,87
Kolkata,2025-12-14 21:00:00+00:00,51.0,52.7,93
Kolkata,2025-12-14 22:00:00+00:00,51.8,53.6,98
Kolkata,2025-12-14 23:00:00+00:00,52.6,54.4,102
Kolkata,2025-12-15 00:00:00+00:00,54.4,56.1,104
Kolkata,2025-12-15 01:00:00+00:00,59.3,61.0,101
Kolkata,2025-12-15 02:00:00+00:00,69.6,71.5,97
Kolkata,2025-12-15 03:00:00+00:00,58.0,59.1,101
Kolkata,2025-12-15 04:00:00+00:00,41.6,43.0,121
Kolkata,2025-12-15 05:00:00+00:00,36.9,38.3,148
Kolkata,2025-12-15 06:00:00+00:00,33.9,35.4,168
Kolkata,2025-12-15 07:00:00+00:00,32.6,34.2,174
Kolkata,2025-12-15 08:00:00+00:00,32.4,34.0,172
Kolkata,2025-12-15 09:00:00+00:00,32.2,34.0,167
Kolkata,2025-12-15 10:00:00+00:00,32.5,34.2,156
Kolkata,2025-12-15 11:00:00+00:00,33.3,35.0,142
Kolkata,2025-12-15 12:00:00+00:00,37.1,38.5,131
Mumbai,2025-12-11 00:00:00+00:00,29.5,30.4,92
Mumbai,2025-12-11 01:00:00+00:00,29.0,29.7,86
Mumbai,2025-12-11 02:00:00+00:00,30.2,30.7,79
Mumbai,2025-12-11 03:00:00+00:00,27.1,27.4,82
Mumbai,2025-12-11 04:00:00+00:00,21.7,22.0,105
Mumbai,2025-12-11 05:00:00+00:00,18.5,18.9,139
Mumbai,2025-12-11 06:00:00+00:00,16.8,17.2,163
Mumbai,2025-12-11 07:00:00+00:00,16.3,16.6,171
Mumbai,2025-12-11 08:00:00+00:00,15.7,16.0,169
Mumbai,2025-12-11 09:00:00+00:00,15.0,15.3,163
Mumbai,2025-12-11 10:00:00+00:00,14.6,15.0,152
Mumbai,2025-12-11 11:00:00+00:00,14.6,15.0,136
Mumbai,2025-12-11 12:00:00+00:00,18.1,18.4,119
Mumbai,2025-12-11 13:00:00+00:00,24.0,24.3,102
Mumbai,2025-12-11 14:00:00+00:00,27.8,28.2,84
Mumbai,2025-12-11 15:00:00+00:00,30.3,30.7,72
Mumbai,2025-12-11 16:00:00+00:00,32.5,32.9,68
Mumbai,2025-12-11 17:00:00+00:00,34.9,35.5,68
Mumbai,2025-12-11 18:00:00+00:00,36.6,37.3,70
Mumbai,2025-12-11 19:00:00+00:00,36.8,37.6,72
Mumbai,2025-12-11 20:00:00+00:00,37.0,38.0,74
Mumbai,2025-12-11 21:00:00+00:00,37.4,38.4,77
Mumbai,2025-12-11 22:00:00+00:00,37.1,38.3,80
Mumbai,2025-12-11 23:00:00+00:00,36.9,38.2,82
Mumbai,2025-12-12 00:00:00+00:00,37.0,38.5,83
Mumbai,2025-12-12 01:00:00+00:00,40.5,42.1,77
Mumbai,2025-12-12 02:00:00+00:00,48.8,50.4,69
Mumbai,2025-12-12 03:00:00+00:00,42.0,43.1,72
Mumbai,2025-12-12 04:00:00+00:00,24.4,25.7,96
Mumbai,2025-12-12 05:00:00+00:00,19.5,20.8,131
Mumbai,2025-12-12 06:00:00+00:00,18.2,19.8,157
Mumbai,2025-12-12 07:00:00+00:00,18.1,20.0,168
Mumbai,2025-12-12 08:00:00+00:00,18.1,20.1,171
Mumbai,2025-12-12 09:00:00+00:00,18.2,20.3,169
Mumbai,2025-12-12 10:00:00+00:00,18.6,20.7,160
Mumbai,2025-12-12 11:00:00+00:00,19.3,21.3,146
Mumbai,2025-12-12 12:00:00+00:00,23.9,25.6,130
Mumbai,2025-12-12 13:00:00+00:00,30.6,32.4,112
Mumbai,2025-12-12 14:00:00+00:00,35.4,37.3,93
Mumbai,2025-12-12 15:00:00+00:00,38.9,40.7,79
Mumbai,2025-12-12 16:00:00+00:00,41.4,43.5,74
Mumbai,2025-12-12 17:00:00+00:00,44.6,46.9,74
Mumbai,2025-12-12 18:00:00+00:00,46.7,49.1,76
Mumbai,2025-12-12 19:00:00+00:00,46.7,49.4,79
Mumbai,2025-12-12 20:00:00+00:00,47.0,49.8,83
Mumbai,2025-12-12 21:00:00+00:00,47.6,50.5,87
Mumbai,2025-12-12 22:00:00+00:00,48.3,51.5,91
Mumbai,2025-12-12 23:00:00+00:00,49.1,52.4,94
Mumbai,2025-12-13 00:00:00+00:00,49.7,53.2,95
Mumbai,2025-12-13 01:00:00+00:00,52.9,56.5,90
Mumbai,2025-12-13 02:00:00+00:00,61.0,64.7,84
Mumbai,2025-12-13 03:00:00+00:00,56.5,59.1,86
Mumbai,2025-12-13 04:00:00+00:00,31.5,34.3,107
Mumbai,2025-12-13 05:00:00+00:00,24.4,26.8,136
Mumbai,2025-12-13 06:00:00+00:00,22.8,24.7,159
Mumbai,2025-12-13 07:00:00+00:00,23.0,24.7,169
Mumbai,2025-12-13 08:00:00+00:00,23.1,24.9,172
Mumbai,2025-12-13 09:00:00+00:00,23.1,24.8,170
Mumbai,2025-12-13 10:00:00+00:00,22.9,24.7,161
Mumbai,2025-12-13 11:00:00+00:00,23.2,24.9,145
Mumbai,2025-12-13 12:00:00+00:00,27.8,29.2,129
Mumbai,2025-12-13 13:00:00+00:00,34.1,35.5,110
Mumbai,2025-12-13 14:00:00+00:00,38.0,39.2,91
Mumbai,2025-12-13 15:00:00+00:00,39.8,41.2,77
Mumbai,2025-12-13 16:00:00+00:00,41.2,42.6,74
Mumbai,2025-12-13 17:00:00+00:00,42.6,44.0,77
Mumbai,2025-12-13 18:00:00+00:00,42.7,44.2,82
Mumbai,2025-12-13 19:00:00+00:00,42.1,43.7,88
Mumbai,2025-12-13 20:00:00+00:00,42.1,43.7,96
Mumbai,2025-12-13 21:00:00+00:00,42.8,44.4,102
Mumbai,2025-12-13 22:00:00+00:00,43.5,45.2,107
Mumbai,2025-12-13 23:00:00+00:00,44.4,45.9,111
Mumbai,2025-12-14 00:00:00+00:00,45.8,47.4,112
Mumbai,2025-12-14 01:00:00+00:00,50.1,51.6,108
Mumbai,2025-12-14 02:00:00+00:00,59.8,61.2,101
Mumbai,2025-12-14 03:00:00+00:00,52.7,53.8,102
Mumbai,2025-12-14 04:00:00+00:00,34.7,36.0,119
Mumbai,2025-12-14 05:00:00+00:00,31.5,32.9,143
Mumbai,2025-12-14 06:00:00+00:00,27.9,29.3,161
Mumbai,2025-12-14 07:00:00+00:00,26.6,28.0,168
Mumbai,2025-12-14 08:00:00+00:00,26.1,27.7,170
Mumbai,2025-12-14 09:00:00+00:00,26.0,27.6,166
Mumbai,2025-12-14 10:00:00+00:00,25.7,27.5,157
Mumbai,2025-12-14 11:00:00+00:00,26.0,27.8,142
Mumbai,2025-12-14 12:00:00+00:00,31.2,32.6,126
Mumbai,2025-12-14 13:00:00+00:00,38.1,39.6,107
Mumbai,2025-12-14 14:00:00+00:00,42.5,43.9,86
Mumbai,2025-12-14 15:00:00+00:00,45.6,47.0,72
Mumbai,2025-12-14 16:00:00+00:00,48.3,49.7,68
Mumbai,2025-12-14 17:00:00+00:00,49.9,51.3,71
Mumbai,2025-12-14 18:00:00+00:00,50.3,51.8,75
Mumbai,2025-12-14 19:00:00+00:00,49.9,51.5,80
Mumbai,2025-12-14 20:00:00+00:00,50.3,51.9,87
Mumbai,2025-12-14 21:00:00+00:00,51.0,52.7,93
Mumbai,2025-12-14 22:00:00+00:00,51.8,53.6,98
Mumbai,2025-12-14 23:00:00+00:00,52.6,54.4,102
Mumbai,2025-12-15 00:00:00+00:00,54.4,56.1,104
Mumbai,2025-12-15 01:00:00+00:00,59.3,61.0,101
Mumbai,2025-12-15 02:00:00+00:00,69.6,71.5,97
Mumbai,2025-12-15 03:00:00+00:00,58.0,59.1,101
Mumbai,2025-12-15 04:00:00+00:00,41.6,43.0,121
Mumbai,2025-12-15 05:00:00+00:00,36.9,38.3,148
Mumbai,2025-12-15 06:00:00+00:00,33.9,35.4,168
Mumbai,2025-12-15 07:00:00+00:00,32.6,34.2,174
Mumbai,2025-12-15 08:00:00+00:00,32.4,34.0,172
Mumbai,2025-12-15 09:00:00+00:00,32.2,34.0,167
Mumbai,2025-12-15 10:00:00+00:00,32.5,34.2,156
Mumbai,2025-12-15 11:00:00+00:00,33.3,35.0,142
Mumbai,2025-12-15 12:00:00+00:00,37.1,38.5,131
